{
  "input_data": {
    "columns": [0,1,2,3,4,5,6,7,8,9,10,11,12,13,14,15,16,17,18,19,20,21],
    "index": [0],
    "data": [[-0.79837274, -0.56356117, 0.78231661, -0.82016488, 0.62252507, -0.65802744, 0.0, -0.30338561, 0.0, 0.0, 1.0, 0.0, 0.0, 1.0, 0.0, 0.0, 1.0, 0.0, 0.0, 0.0, 0.0, 0.0]]

  }
}
